Command,Path,IsOptional,Type,Package,Category,Name,Aliases,Description,Licence
#cmatrix,,1,bundled,CMatrix,fun,,,"A vertical scrolling text screensaver. It provides ""digital rain"", inspired by the 1999 film ""The Matrix"". The ""droplets"" are lines of green characters that fall from the top of the terminal to the bottom, and are occasionally broken up.",GNU GPLv3
addgroup,,1,busybox,,usr,,,Creates a new group or adds a given user to an existing group.,GNU GPLv2
addr2line,,1,bundled,GNU Binutils,dev,GNU addr2line,,,GNU GPLv3
adduser,,1,busybox,,usr,,,Creates a new user.,GNU GPLv2
ar,/opt/i486-linux-musl-native/bin/ar,1,bundled,GNU Binutils,arc,GNU ar,,,GNU GPLv3
ar,/usr/bin/ar,1,busybox,,arc,,,"Extracts or lists files from a given .a, .ar or .lib archive.",GNU GPLv2
arch,,1,busybox,,sys,,,"Reports the computer's processor architecture. For example, ""i486"", ""i686"", ""x86_64"", etc.",GNU GPLv2
as,,1,bundled,GNU Binutils,dev,GNU assembler,,An x86 assembler and the default backend of GCC.,GNU GPLv3
ascii,,1,busybox,,gen,,,"Prints a table containing all 128 ASCII characters. For each character, its decimal (Dec) and hexadecimal (Hex) values are displayed with it.",GNU GPLv2
ash,,1,busybox,,sys,,,,GNU GPLv2
awk,,0,busybox,,txt,,,An AWK processor. AWK is a scripting language designed for text pattern scanning and processing and useful for data extraction and reporting.,GNU GPLv2
badblocks,,1,bundled,e2fsprogs,dsk,badblocks,,,GNU GPLv2 + LGPLv2
base32,,1,busybox,,txt,,,Encodes text to Base32 or decodes Base32 to text from a file to standard output.,GNU GPLv2
base64,,1,busybox,,txt,,,Encodes text to Base64 or decodes Base64 to text from a file to standard output.,GNU GPLv2
basename,,0,busybox,,gen,,,"Extracts the file name and/or the extension from a given path. If just a directory path is given, it will extract both. If a file extension is also given, it will extract the extension in addition to the directory path if it matches. For example, running ""basename /etc/resolv.conf"" will return ""resolv.conf""; running ""basename /etc/resolv.conf .conf"" will return ""resolv"". ",GNU GPLv2
bc,,1,busybox,,gen,,,"An arbitrary precision calculator and language. It launches into an interactive mode that allows you to enter expressions, with an optional math library for functions like sqrt and sin, or you pipe an expression via standard input to get an immediate, non-interactive result.",GNU GPLv2
beep,,1,busybox,,sys,,,"Allows you to produce a tone or a chain of tones using the PC speaker. You can set the frequency (Hz), length (ms), delay before playing (ms) and how many times it should repeat, and chain multiple tones together in a single command.",GNU GPLv2
blkid,!/usr/sbin/e2image,1,busybox,,dsk,,,Prints the universally unique identifier (UUID) and filesystem type for all found filesystems or for a given partition.,GNU GPLv2
blkid,/usr/sbin/e2image,1,bundled,e2fsprogs,dsk,blkid,,,GNU GPLv2 + LGPLv2
bunzip2,,1,busybox,,arc,,,"Decompresses given bzip2 archives, or bzip2-compressed standard input to standard output. By default, it will replace the input files unless told otherwise.",GNU GPLv2
bzcat,,1,busybox,,arc,,,Decompresses a given bzip2 archive to standard output. Functions like bunzip2 -c.,GNU GPLv2
bzip2,,1,busybox,,arc,,,"Compresses given files or standard input into a bzip2 archive. By default, it will replace the input files unless told otherwise.",GNU GPLv2
c++filt,,1,bundled,GNU Binutils,dev,GNU c++filt,,,GNU GPLv3
cal,,1,busybox,,gen,,,,GNU GPLv2
cat,,0,busybox,,txt,,,"Used for concatenating (combining) files, providing a standard output for printing or writing to a file. When its output is not directed, it prints the result.",GNU GPLv2
chattr,,1,bundled,e2fsprogs,dsk,chattr,,,GNU GPLv2 + LGPLv2
chgrp,,1,busybox,,usr,,,Changes the group owner of any given files with the given group name or ID.,GNU GPLv2
chmod,,1,busybox,,usr,,,"Changes one or more file mode bits of any given files, either with an octal number representing the mode's bit pattern or symbolic representations for a specific change. It changes how files can be accessed - can it be read, written, or executed as a program.",GNU GPLv2
chown,,1,busybox,,usr,,,Changes the user and/or group owner of any given files to the given user and group names or IDs.,GNU GPLv2
chpasswd,,1,busybox,,usr,,,"Changes user passwords based on standard input. Compared to passwd, this is intended for script/batch processing usage.",GNU GPLv2
chroot,,1,busybox,,usr,,,"Runs a given program that believes the root directory is any directory of your choice. It is useful for rescue and sandboxing, allowing you to run a program that cannot make changes outside the given directory.",GNU GPLv2
chvt,,1,busybox,,gen,,,"Changes the active virtual terminal. Changing the current virtual terminal is useful for terminal-based multi-tasking, troubleshooting and recovery. It functions similarly to pressing Ctrl+Alt+[F1/F2/F3/etc.]",GNU GPLv2
cksum,,1,busybox,,chk,,,,GNU GPLv2
clear,,0,busybox,,gen,,,"Clears the terminal so that the cursor is positioned at the top. It is similar to ""cls"" on MS-DOS, Microsoft Windows, etc.",GNU GPLv2
comm,,1,busybox,,txt,,,,GNU GPLv2
cp,,0,busybox,,gen,,,,GNU GPLv2
cpio,,1,busybox,,arc,,,"Lists or extracts files from a cpio archive on standard input, creates an archive from a list of files from standard input, or copies files from a list of files from standard input.",GNU GPLv2
crc32,,1,busybox,,chk,,,,GNU GPLv2
crontab,,1,busybox,,pro,,,"Allows you to manage your crontab, a way of scheduling recurring jobs with the cron daemon (crond). You can list, edit and delete the current crontab, or replace it with the contents of a given file.",GNU GPLv2
cryptpw,,1,busybox,,usr,,,"Prints a hash for the given or prompted password. You can optionally specify the encryption type (DES, MD5, SHA256, SHA512 and yescrypt) and specify a salt to add some 'randomness' to the hash. This BusyBox implementation functions the same as mkpasswd.",GNU GPLv2
cscope,,1,bundled,Cscope,dev,,,"An interactive C and C++ source code browser. It builds a symbol database from a given project's source files, letting you quickly jump to where a function or variable is defined, called or referenced elsewhere in the codebase.",BSD 3-Clause
ctags,,1,bundled,Universal Ctags,dev,,,"A multi-language source code object indexing tool that generates tags files that allow editors such as Emacs, vi and Vim to jump straight to a definition of a function, variable or other symbol.",GNU GPLv2
curl,,1,bundled,cURL,net,,,,MIT
cut,,1,busybox,,txt,,,,GNU GPLv2
date,,0,busybox,,gen,,,,GNU GPLv2
dc,,1,busybox,,gen,,,,GNU GPLv2
dd,,0,busybox,,dsk,,,,GNU GPLv2
debugfs,,1,bundled,e2fsprogs,dsk,debugfs,,,GNU GPLv2 + LGPLv2
delgroup,,1,busybox,,usr,,,Deletes the given group or removes the given user from the given group.,GNU GPLv2
deluser,,1,busybox,,usr,,,Deletes the given user.,GNU GPLv2
df,,0,busybox,,dsk,,,,GNU GPLv2
dialog,,1,bundled,dialog,dev,,,"Allows you to create and display dialog boxes from a shell script. dialog includes the following boxes: buildlist, calendar, checklist, dselect, editbox, form, fselect, gauge, infobox, inputbox, inputmenu, menu, mixedform, mixedgauge, msgbox, passwordbox, passwordform, pause, prgbox, programbox, progressbox, radiolist, rangebox, tailbox, tailboxbg, textbox, timebox, treeview and yesno. The SHORK 486 Build Configurator is dialog based, and the Linux kernel's lxdialog is a distant descendant of dialog.",GNU LGPLv2.1
diff,,1,busybox,,dev,,,Compares two files line-by-line and outputs a difference listing between them. The result can be used as a patch file for the patch utility.,GNU GPLv2
dirname,,1,busybox,,gen,,,,GNU GPLv2
dmesg,,1,busybox,,sys,,,,GNU GPLv2
dos2unix,,1,busybox,,txt,,,Converts a text file from using DOS-style line breaks (carriage return + line feed) to using Unix-style line breaks (line feed).,GNU GPLv2
dosfsck,,1,bundled,dosfstools,dsk,dosfsck,,,GNU GPLv3
dosfslabel,,1,bundled,dosfstools,dsk,dosfslabel,,,GNU GPLv3
du,,1,busybox,,dsk,,,,GNU GPLv2
dumpe2fs,,1,bundled,e2fsprogs,dsk,dumpe2fs,,,GNU GPLv2 + LGPLv2
dwp,,1,bundled,GNU Binutils,dev,GNU dwp,,,GNU GPLv3
e2freefrag,,1,bundled,e2fsprogs,dsk,e2freefrag,,,GNU GPLv2 + LGPLv2
e2fsck,,1,bundled,e2fsprogs,dsk,e2fsck,,,GNU GPLv2 + LGPLv2
e2image,,1,bundled,e2fsprogs,dsk,e2image,,,GNU GPLv2 + LGPLv2
e2initrd_helper,,1,bundled,e2fsprogs,dsk,e2initrd_helper,,,GNU GPLv2 + LGPLv2
e2label,,1,bundled,e2fsprogs,dsk,e2label,,,GNU GPLv2 + LGPLv2
e2mmpstatus,,1,bundled,e2fsprogs,dsk,e2mmpstatus,,,GNU GPLv2 + LGPLv2
e2scrub,,1,bundled,e2fsprogs,dsk,e2scrub,,,GNU GPLv2 + LGPLv2
e2scrub_all,,1,bundled,e2fsprogs,dsk,e2scrub_all,,,GNU GPLv2 + LGPLv2
e2undo,,1,bundled,e2fsprogs,dsk,e2undo,,,GNU GPLv2 + LGPLv2
e4crypt,,1,bundled,e2fsprogs,dsk,e4crypt,,,GNU GPLv2 + LGPLv2
e4defrag,,1,bundled,e2fsprogs,dsk,e4defrag,,,GNU GPLv2 + LGPLv2
echo,,0,busybox,,gen,,,,GNU GPLv2
ed,,1,busybox,,dev,,,,GNU GPLv2
egrep,,1,busybox,,txt,,,,GNU GPLv2
eject,,1,busybox,,dsk,,,,GNU GPLv2
elfedit,,1,bundled,GNU Binutils,dev,GNU elfedit,,,GNU GPLv3
env,,1,busybox,,gen,,,,GNU GPLv2
ex,,1,bundled,Vim,dev,ex,,Opens the Vim editor in line-orientated mode. It processes commands line-by-line rather than providing a full interactive experience.,Vim
expand,,1,busybox,,txt,,,,GNU GPLv2
expr,,0,busybox,,gen,,,,GNU GPLv2
factor,,1,busybox,,gen,,,,GNU GPLv2
fallocate,,1,busybox,,dsk,,,"Preallocates disk space for a file without writing data to it. It is useful for reserving space for something without needing to write zeros or random data (as you would with dd) - for example, creating swap files, preallocating space for a database or log, or testing behaviour with large files.",GNU GPLv2
false,,1,busybox,,gen,,,,GNU GPLv2
fatlabel,,1,bundled,dosfstools,dsk,fatlabel,,,GNU GPLv3
fdflush,,1,busybox,,dsk,,,,GNU GPLv2
fdformat,,1,busybox,,dsk,,,,GNU GPLv2
fdisk,,1,busybox,,dsk,,,,GNU GPLv2
fgrep,,1,busybox,,txt,,,,GNU GPLv2
file,,1,bundled,file,gen,,,Identifies and reports the type of data contained in a file.,BSD 2-Clause (Darwin)
filefrag,,1,bundled,e2fsprogs,dsk,filefrag,,,GNU GPLv2 + LGPLv2
find,,1,busybox,,gen,,,,GNU GPLv2
findfs,,1,bundled,e2fsprogs,dsk,findfs,,,GNU GPLv2 + LGPLv2
fold,,1,busybox,,txt,,,,GNU GPLv2
free,,0,busybox,,sys,,,"Reports the amount of total, used and free system physical memory and (if available) swap memory, largely acting as a frontend to /proc/meminfo. It produces a table containing the total (MemTotal/SwapTotal), used (total - available), free (MemFree/SwapFree), shared (Shmem), buffers (Buffers) + cache (Cached/SReclaimable), and available (MemAvailable) memory. All values are in kibibytes (KiB).",GNU GPLv2
fsck,,1,bundled,e2fsprogs,dsk,fsck,,,GNU GPLv2 + LGPLv2
fsck.ext2,,1,bundled,e2fsprogs,dsk,fsck.ext2,,,GNU GPLv2 + LGPLv2
fsck.ext3,,1,bundled,e2fsprogs,dsk,fsck.ext3,,,GNU GPLv2 + LGPLv2
fsck.ext4,,1,bundled,e2fsprogs,dsk,fsck.ext4,,,GNU GPLv2 + LGPLv2
fsck.fat,,1,bundled,dosfstools,dsk,fsck.fat,,,GNU GPLv3
fsck.msdos,,1,bundled,dosfstools,dsk,fsck.msdos,,,GNU GPLv3
fsck.vfat,,1,bundled,dosfstools,dsk,fsck.vfat,,,GNU GPLv3
ftp,,1,bundled,tnftp,net,,,An FTP client for remote file transfer.,BSD 2-Clause
ftpget,,1,busybox,,net,,,,GNU GPLv2
ftpput,,1,busybox,,net,,,,GNU GPLv2
fuser,,1,busybox,,pro,,,Lists the process IDs that have the given file or network port open. It can also be told to directly kill or send a signal to the matched processes.,GNU GPLv2
g++,,1,bundled,GCC + musl,dev,GCC C++,,GCC's C++ compiler.,GNU GPLv3 + GCC Runtime Library Exception
gcc,,1,bundled,GCC + musl,dev,GCC C,,GCC's C compiler (configured to use musl).,GNU GPLv3 + GCC Runtime Library Exception
getfattr,,1,busybox,,gen,,,"Gets an extended attribute from the given filesystem object. Extended attributes are metadata that go beyond the standard attributes provided by the host filesystem, allowing more information to be associated with a given filesystem object.",GNU GPLv2
getopt,,1,busybox,,gen,,,,GNU GPLv2
getty,,1,busybox,,usr,,,"Opens a TTY and prompts for a login, accepting a user name before invoking the login command to complete the rest of the login cycle.",GNU GPLv2
gfortran,,1,bundled,GCC + musl,dev,Gfortran,,GCC's Fortran compiler.,GNU GPLv3 + GCC Runtime Library Exception
git,,1,bundled,Git,dev,,,A distributed version control software system.,GNU GPLv2
grep,,0,busybox,,txt,,,,GNU GPLv2
gunzip,,1,busybox,,arc,,,"Decompresses given gzip archives, or gzip-compressed standard input to standard output. By default, it will replace the input files unless told otherwise.",GNU GPLv2
gzip,,1,busybox,,arc,,,"Compresses given files or standard input into a gzip archive. By default, it will replace the input files unless told otherwise.",GNU GPLv2
halt,,1,busybox,,sys,,,,GNU GPLv2
head,,1,busybox,,txt,,,,GNU GPLv2
hexdump,,1,busybox,,dev,,,,GNU GPLv2
hexedit,,1,busybox,,dev,,,,GNU GPLv2
hostid,,1,busybox,,sys,,,,GNU GPLv2
hostname,,0,busybox,,sys,,,,GNU GPLv2
htop,,1,bundled,htop,pro,,,"An interactive process viewer designed to be an enhancement over top. Compared to top, htop supports scrolling both horizontally and vertically, a coloured UI and colour-coding, CPU and memory usage bars, searching, filtering, sorting, and killing processes.",GNU GPLv2
hwclock,,1,busybox,,sys,,,,GNU GPLv2
id,,1,busybox,,usr,,,"Prints the current user's user ID, primary group ID, and any supplementary group IDs the user is a part of.",GNU GPLv2
ifconfig,,1,busybox,,net,,,,GNU GPLv2
indent,,1,bundled,GNU Indent,dev,GNU Indent,,"A C code formatter. It can format a given C source file to a desired indentation and styling rule (GNU style by default), or convert between different C formatting conventions (for example, from GNU style to K&R style).",GNU GPLv3
init,,1,busybox,,sys,,,,GNU GPLv2
install,,1,busybox,,gen,,,,GNU GPLv2
iostat,,1,busybox,,sys,,,,GNU GPLv2
ip,,1,busybox,,net,,,,GNU GPLv2
joe,,1,bundled,Joe's Own Editor,dev,,,A WordStar-style text editor.,GNU GPLv2
kill,,1,busybox,,pro,,,"Sends a signal to the process that matches the given process ID. By default, it will try to gracefully terminate the process, but a given signal number (such as 9 for an immediate kill) can be given as well.",GNU GPLv2
killall,,1,busybox,,pro,,,"Sends a signal to all processes with a given name. By default, it will try to gracefully terminate the process, but a given signal number (such as 9 for an immediate kill) can be given as well.",GNU GPLv2
ld,,1,bundled,GNU Binutils,dev,GNU linker,,,GNU GPLv3
ld.bfd,,1,bundled,GNU Binutils,dev,GNU linker (BFD),,,GNU GPLv3
ld.gold,,1,bundled,GNU Binutils,dev,GNU gold,,,GNU GPLv3
less,,0,busybox,,txt,,,"Displays the contents of a file in the terminal, allowing it to be scrolled line-by-line. It uses vi-style keybinds.",GNU GPLv2
link,,1,busybox,,dsk,,,,GNU GPLv2
ln,,0,busybox,,dsk,,,"Creates a hard or symbolic link to a given target file or directory. Hard links are files that point to the same inode as the target file, which must be within the same file system, and hard links to directories are generally not supported. Symbolic links are files that point to the target file or directory, which can be on another file system and even target a non-existent file/directory. Deleting the target of a hard link will not delete the data so long as at least one hard link to it exists; deleting the target of a symbolic link will break the link.",GNU GPLv2
loadkmap,,1,busybox,,sys,,,,GNU GPLv2
login,,1,busybox,,usr,,,"Shows a login prompt and creates a new user session once completed. If a user was already logged in, their session will be replaced upon login's completion.",GNU GPLv2
logname,,1,busybox,,usr,,,Prints the current user's name. Functions similarly to whoami but uses utmp as its source.,GNU GPLv2
logsave,,1,bundled,e2fsprogs,gen,logsave,,,GNU GPLv2 + LGPLv2
losetup,,1,busybox,,dsk,,,,GNU GPLv2
ls,,0,busybox,,gen,,,Lists the contents of the current or a target directory.,GNU GPLv2
lsattr,,1,bundled,e2fsprogs,dsk,lsattr,,,GNU GPLv2 + LGPLv2
lsblk,,0,busybox,,dsk,,,"Lists information about all or the specified block devices. By default, it produces a table containing the device name, major number (driver associated with device), minor number (device number for the given driver), device type, whether the device is read only (RO), and its mountpoint (if mounted).",GNU GPLv2
lscpu,,1,bundled,util-linux,sys,lscpu,,,GNU GPLv2
lsof,,1,busybox,,pro,,,"Lists all files presently opened on the system, showing which processes have what open.",GNU GPLv2
lspci,,1,busybox,,sys,,,"Lists all PCI buses and connected devices. By default, it produces a table containing the PCI bus number, device number for that bus, function number, PCI class code, vendor ID, and device ID. It can optionally also display the kernel driver utilising a given device.",GNU GPLv2
lsscsi,,1,busybox,,sys,,,,GNU GPLv2
lsusb,,1,busybox,,sys,,,"Lists all USB buses and connected devices. It produces a table containing the USB bus number, device number for that bus, vendor ID, and device ID.",GNU GPLv2
lua,,1,bundled,Lua,dev,,,,MIT
lynx,,1,bundled,Lynx,net,,,A text-based web browser that allows you to access websites from your terminal. It is the oldest web browser that is still actively maintained.,GNU GPLv2
lzcat,,1,busybox,,arc,,,Decompresses a given LZMA archive to standard output. Functions like unlzma -c.,GNU GPLv2
lzma,,1,busybox,,arc,,,"Decompresses given LZMA archives, or LZMA-compressed standard input to standard output. By default, it will replace the input files unless told otherwise. Note: unlike XZ Utils' implementation of lzma, BusyBox's version cannot compress any input.",GNU GPLv2
lzop,,1,busybox,,arc,,,Compresses given files or standard input into a LZO archive.,GNU GPLv2
lzopcat,,1,busybox,,arc,,,Decompresses a given LZO archive to standard output. Functions like unlzop -c.,GNU GPLv2
make,,1,bundled,GNU Make,dev,,,"A build automation tool that executes shell commands primarily to update program compilation targets only when their prerequisites have changed, avoiding unnecessary work. It is often run in the same directory as a Makefile, which describes how a project's files relate to each other and how to update them. Whilst it is often associated with C-language projects, Make can be used for any task where maintaining some files in a project can be done with shell commands, whether it be other programming languages or documentation generation, asset pipelines or general project automation.",GNU GPLv3
man,,1,busybox,,gen,,,,GNU GPLv2
md5sum,,1,busybox,,chk,,,,GNU GPLv2
mdev,,0,busybox,,sys,,,,GNU GPLv2
mg,,1,bundled,Mg,dev,,emacs,A text editor with Emacs-style keybinds and buffers.,Unlicense
micropython,,1,bundled,MicroPython,dev,,"python, python3","A Python implementation intended for microcontrollers, embedded systems and other constrained platforms. It implements Python 3.4 syntax with select keywords and features from later versions. It is capable of installing and managing mip modules from micropython-lib.",MIT
mkdir,,0,busybox,,gen,,,Creates a directory at the given directory path or in the current directory with a given name without a path.,GNU GPLv2
mkdosfs,!/sbin/fatlabel,1,busybox,,dsk,,,Creates a FAT32 file system on the given device or image file. The device or image will be readable with Windows 95 OSR2 or newer.,GNU GPLv2
mkdosfs,/sbin/fatlabel,1,bundled,dosfstools,dsk,mkdosfs,,,GNU GPLv3
mke2fs,!/usr/sbin/e2image,1,busybox,,dsk,,,Creates an ext2 file system on the given device or image file.,GNU GPLv2
mke2fs,/usr/sbin/e2image,1,bundled,e2fsprogs,dsk,mke2fs,,,GNU GPLv2 + LGPLv2
mkfifo,,1,busybox,,gen,,,,GNU GPLv2
mkfs.ext2,!/usr/sbin/e2image,1,busybox,,dsk,,,Creates an ext2 file system on the given device or image file.,GNU GPLv2
mkfs.ext2,/usr/sbin/e2image,1,bundled,e2fsprogs,dsk,mkfs.ext2,,,GNU GPLv2 + LGPLv2
mkfs.ext3,,1,bundled,e2fsprogs,dsk,mkfs.ext3,,,GNU GPLv2 + LGPLv2
mkfs.ext4,,1,bundled,e2fsprogs,dsk,mkfs.ext4,,,GNU GPLv2 + LGPLv2
mkfs.fat,,1,bundled,dosfstools,dsk,mkfs.fat,,,GNU GPLv3
mkfs.msdos,,1,bundled,dosfstools,dsk,mkfs.msdos,,,GNU GPLv3
mkfs.vfat,!/sbin/fatlabel,1,busybox,,dsk,,,Creates a FAT32 file system on the given device or image file. The device or image will be readable with Windows 95 OSR2 or newer.,GNU GPLv2
mkfs.vfat,/sbin/fatlabel,1,bundled,dosfstools,dsk,mkfs.vfat,,,GNU GPLv3
mklost+found,,1,bundled,e2fsprogs,dsk,mklost+found,,,GNU GPLv2 + LGPLv2
mknod,,1,busybox,,dsk,,,,GNU GPLv2
mkpasswd,,1,busybox,,usr,,,"Prints a hash for the given or prompted password. You can optionally specify the encryption type (DES, MD5, SHA256, SHA512 and yescrypt) and specify a salt to add some 'randomness' to the hash. This BusyBox implementation functions the same as cryptpw.",GNU GPLv2
mkswap,,1,busybox,,dsk,,,Used to set up a Linux swap area on a given partition or file. It will destroy any data present on the target partition or file.,GNU GPLv2
mktemp,,1,busybox,,gen,,,,GNU GPLv2
more,,1,busybox,,txt,,,,GNU GPLv2
mount,,0,busybox,,dsk,,,,GNU GPLv2
mountpoint,,1,busybox,,dsk,,,,GNU GPLv2
mpg321,,1,bundled,mpg321,fun,mpg123,,A free MP3 player designed to be a drop-in replacement for the non-free mpg123.,GNU GPLv2
mt,,1,bundled,mt-st,dsk,,,"Controls a magnetic tape drive. It provides typical drive operations such as rewinding, skipping and ejecting.",GNU GPLv2
mv,,0,busybox,,gen,,,,GNU GPLv2
nano,,1,bundled,GNU nano,dev,,,A Pico-style text editor.,GNU GPLv3
nasm,,1,bundled,NASM,dev,nasm,,"A portable x86 assembler. Compared to GNU assembler (as), NASM uses Intel-style syntax instead of AT&T-style. Note: if you build ELFs (relocatable objects), you will need a separate linker such as GNU linker (ld) to produce a usable binary from them.",BSD 2-Clause
ndisasm,,1,bundled,NASM,dev,ndisasm,,"A portable x86 disassembler. Compared to GNU objdump, it can disassemble raw binary files with no header, symbol table or debug information present.",BSD 2-Clause
netcat,,1,busybox,,net,,nc,,GNU GPLv2
netstat,,1,busybox,,net,,,"Displays network statistics such as current network connections, network interfaces and routing tables.",GNU GPLv2
nice,,1,busybox,,pro,,,"Runs the given program with a specific scheduling priority (""niceness""). Niceness ranges from -20 (highest priority) to 19 (lowest priority), with 0 being default.",GNU GPLv2
nl,,1,busybox,,txt,,,,GNU GPLv2
nm,,1,bundled,GNU Binutils,dev,GNU nm,,,GNU GPLv3
nohup,,1,busybox,,pro,,,"Allows you to run a program that is immune to hang up signals and output routed away or redirected to a file. The program can then run even when the host terminal is closed, the user logs out, or if it is run on a remote system and the connection is closed afterwards. It is often paired with an ampersand (&) to also send the command to the background.",GNU GPLv2
nproc,,1,busybox,,sys,,,,GNU GPLv2
objcopy,,1,bundled,GNU Binutils,dev,GNU objcopy,,,GNU GPLv3
objdump,,1,bundled,GNU Binutils,dev,GNU objdump,,,GNU GPLv3
od,,1,busybox,,dev,,,,GNU GPLv2
partprobe,,1,busybox,,dsk,,,,GNU GPLv2
partx,,1,bundled,util-linux,dsk,,,Tells the Linux kernel about the presence and numbering of on-disk partitions.,GNU GPLv2
passwd,,1,busybox,,usr,,,"Changes your user password, or if you are the root account, can change a given user's password.",GNU GPLv2
paste,,1,busybox,,txt,,,,GNU GPLv2
patch,,1,busybox,,dev,,,"Applies a patch file to an original file to update it with its contents. A patch file contains a line-by-line difference listing between two files produced by diff, git diff, or similar.",GNU GPLv2
pgrep,,1,busybox,,pro,,,Lists the process IDs for all processes that match the given regex pattern.,GNU GPLv2
pidof,,1,busybox,,pro,,,Lists the process IDs for all processes that match the given name.,GNU GPLv2
ping,,1,busybox,,net,,,,GNU GPLv2
pkill,,1,busybox,,pro,,,"Sends a signal to any processes selected by the given regex pattern. By default, it will try to gracefully terminate the process, but a given signal number (such as 9 for an immediate kill) can be given as well.",GNU GPLv2
pmap,,1,busybox,,pro,,,"Reports the memory map of a given process. It provides the amount of memory used, proportional set sizes (PSS), dirty pages, permissions on map (mode), and mappings (file, anon/allocated or stack). All memory values are in kilobytes (KB).",GNU GPLv2
printenv,,1,busybox,,gen,,,,GNU GPLv2
printf,,0,busybox,,gen,,,,GNU GPLv2
ps,,1,busybox,,pro,,,"Prints a list of running processes. It includes the process ID (PID), user name, time, and command.",GNU GPLv2
pstree,,1,busybox,,pro,,,"Prints a process tree, optionally starting from a given user or process ID.",GNU GPLv2
pwd,,0,busybox,,gen,,,,GNU GPLv2
pwdx,,1,busybox,,pro,,,Shows the current working directory for the given process IDs.,GNU GPLv2
ranlib,,1,bundled,GNU Binutils,dev,GNU ranlib,,,GNU GPLv3
readelf,,1,bundled,GNU Binutils,dev,GNU readelf,,,GNU GPLv3
readlink,,1,busybox,,dsk,,,,GNU GPLv2
readtags,,1,bundled,Universal Ctags,dev,readtags,,"A tool for listing, filtering, sorting and printing entries from a ctags tags file without needing a compatible editor.",GNU GPLv2
realpath,,1,busybox,,gen,,,,GNU GPLv2
resize2fs,,1,bundled,e2fsprogs,dsk,resize2fs,,,GNU GPLv2 + LGPLv2
rev,,0,busybox,,txt,,,,GNU GPLv2
rm,,0,busybox,,gen,,,,GNU GPLv2
rmdir,,1,busybox,,gen,,,,GNU GPLv2
route,,1,busybox,,net,,,,GNU GPLv2
rview,,1,bundled,Vim,dev,rview,,"Opens the Vim editor in restricted and read-only mode. This disables its shell escapes, external commands and ability to write.",Vim
rvim,,1,bundled,Vim,dev,rvim,,Opens the Vim editor in restricted mode. This disables its shell escapes and external commands.,Vim
sc-im,,1,bundled,sc-im,gen,Spreadsheet Calculator Improvised,,"A terminal-based spreadsheet editor based on the original sc (spreadsheet calculator) but adds undo/redo, UTF-8, .xlsx workbook import/export, ODS export, clipboard integration, and Lua-based scripting support. It uses Vim-style keybinds.",BSD 4-Clause
scp,,1,bundled,Dropbear,net,Dropbear (SCP),,An SCP client (a part of Dropbear) for remote file transfer.,MIT + BSD 2-Clause (OpenSSH components)
sed,,0,busybox,,txt,,,,GNU GPLv2
seq,,1,busybox,,gen,,,,GNU GPLv2
setfattr,,1,busybox,,gen,,,"Sets an extended attribute for the given filesystem object. Extended attributes are metadata that go beyond the standard attributes provided by the host filesystem, allowing more information to be associated with a given filesystem object.",GNU GPLv2
setfont,,1,busybox,,sys,,,,GNU GPLv2
sfdisk,,1,bundled,util-linux,dsk,sfdisk,,A partitioning tool suited for automated and scripted use.,GNU GPLv2
sha1sum,,1,busybox,,chk,,,,GNU GPLv2
sha256sum,,1,busybox,,chk,,,,GNU GPLv2
sha384sum,,1,busybox,,chk,,,,GNU GPLv2
sha3sum,,1,busybox,,chk,,,,GNU GPLv2
sha512sum,,1,busybox,,chk,,,,GNU GPLv2
shorkdir,,1,shorkutil,,gen,SHORKDIR,,"A terminal-based file browser. It allows you to surf the file system with Vim-like controls, WASD or arrow keys, open text-based files with an installed editor of your choice, and inspect a file (if file is installed).",GNU GPLv3
shorkfetch,,1,shorkutil,,sys,SHORKFETCH,,"A shark-themed Linux fetch tool designed with speed, consistent output, and vintage hardware support in mind. It displays basic system and environment information in a summarised format. It can report the current username, hostname, operating system/distribution, kernel version, system uptime, number of installed packages, screens, desktop environment, window manager, terminal, console size, shell, CPU, GPUs, system memory, swap memory, root partition size, and local IP address.",GNU GPLv3
shorkgui,,1,shorkutil,,gen,SHORKGUI,,EXPERIMENTAL. Starts the SHORKGUI graphical environment.,GNU GPLv3
shorkhelp,,1,shorkutil,,gen,SHORKHELP,,"Provides help and reference information regarding SHORK and included software and tools. It provides a command database and list, guides, and cheatsheets.",GNU GPLv3
shorklocomotive,,1,shorktainment,,fun,SHORKLOCOMOTIVE,sl,"A shark-themed take on the sl command that kindly pokes fun at making typos when trying to type ""ls"". When ran, an ASCII art shark moves across the terminal from left to right.",GNU GPLv3
shorkmatrix,,1,shorktainment,,fun,SHORKMATRIX,cmatrix,"A vertical scrolling text screensaver. It is a minimalist, blue-themed take on CMatrix, a terminal program that provides ""digital rain"". Inspired by the 1999 film ""The Matrix"", the ""droplets"" are lines of blue characters that fall from the top of the terminal to the bottom, and are occasionally broken up.",GNU GPLv3
shorkmines,,1,shorktainment,,fun,SHORKMINES,terminal-mines,"An ncurses-based minesweeper game based on terminal-mines. You can customise the game’s difficulty by entering a width, height, and mine density of your choosing.",MIT
shorkoff,,1,shorkutil,,sys,SHORKOFF,,"A shutdown helper that safely brings the system to a controlled halt before a manual power off. It is intended as an explicit utility that the user can call to sync write cache to help prevent data corruption or loss on especially older hardware when faced with a manual power off, then halts the system so the user can switch the power off without interrupting any active operations.",GNU GPLv3
shorksay,,1,shorktainment,,fun,SHORKSAY,cowsay,"A shark-themed take on the cowsay command that outputs an ASCII art shark and a speech bubble containing a message of your choice. The message can be manually supplied or can be provided from another program's standard output (ie, using a pipe).",GNU GPLv3
shorkset,,1,shorkutil,,sys,SHORKSET,,"A settings program for changing SHORK's display resolution, keyboard layout (keymap), terminal PSF font, and terminal font colour.",GNU GPLv3
showkey,,1,busybox,,gen,,,,GNU GPLv2
shred,,1,busybox,,dsk,,,,GNU GPLv2
shuf,,1,busybox,,txt,,,,GNU GPLv2
size,,1,bundled,GNU Binutils,dev,GNU size,,,GNU GPLv3
sleep,,1,busybox,,gen,,,,GNU GPLv2
sort,,1,busybox,,txt,,,,GNU GPLv2
split,,1,busybox,,txt,,,,GNU GPLv2
ssh,,1,bundled,Dropbear,net,Dropbear (SSH),,An SSH client (a part of Dropbear) for remote login and command-line execution.,MIT + BSD 2-Clause (OpenSSH components)
stat,,1,busybox,,gen,,,,GNU GPLv2
stinit,,1,bundled,mt-st,dsk,,,"Used for initialising SCSI magnetic tape drive modes at system startup, when a tape driver module is loaded, or when a new tape driver is initialised using terminal commands.",GNU GPLv2
strace,,1,bundled,strace,pro,,,"Executes a given command to capture and trace its system calls and signals. It is a useful diagnosis and debugging tool one can run if a program fails unexpectedly, and/or without meaningful error messages or logs.",GNU LGPLv2.1
strings,/opt/i486-linux-musl-native/bin/strings,1,bundled,GNU Binutils,dev,GNU strings,,,GNU GPLv3
strings,/usr/bin/strings,1,busybox,,dev,,,,GNU GPLv3
strip,,1,bundled,GNU Binutils,dev,GNU strip,,,GNU GPLv3
stty,,1,busybox,,sys,,,,GNU GPLv2
su,,1,busybox,,usr,,,"Allows you to log in and use the shell as another user without needing to log out of the current session. By default, it will try the root user, thus useful for quickly making administrative changes without needing to log out or switch consoles.",GNU GPLv2
sulogin,,1,busybox,,usr,,,"Single-user login. It is normally invoked by the init system when the host system goes into single-user mode (for example, for rescue or maintenance operations). If you run sulogin during a normal session, it functions similarly to using su to log in as the root user.",GNU GPLv2
sum,,1,busybox,,chk,,,,GNU GPLv2
swapoff,,1,busybox,,dsk,,,"Used to stop memory paging/swapping on one or all swap-capable devices. If used and no swap devices are left online, the computer will be entirely reliant on system memory (RAM) for program memory.",GNU GPLv2
swapon,,1,busybox,,dsk,,,"Used to start memory paging/swapping on one or all swap-capable devices. Swapping allows fixed storage (hard disk drrive, solid-state drive, etc.) or removable storage (USB stick, etc.) to be used for program memory in addition to system memory (RAM). It is useful as a buffer for when free RAM runs low, although using swap memory will be much slower than RAM.",GNU GPLv2
sync,,0,busybox,,dsk,,,"Commits any filesystem write operations that are currently cached. It is useful as an immediate and explicit way to ensure data is written to any disks/drives before powering off the computer, removing a drive, etc.",GNU GPLv2
tac,,1,busybox,,txt,,,,GNU GPLv2
tail,,1,busybox,,txt,,,,GNU GPLv2
tar,,1,busybox,,arc,,,"Creates, extracts or lists files from a given tar archive. It can also compress or decompress the archive based on the file extension or one of the explicit flags available. It also supports filtering files by name or glob pattern, changing directory before operating, and piping extracted files to another command.",GNU GPLv2
taskset,,1,busybox,,pro,,,Allows you to get or set the CPU affinity for a new program or an existing process via its ID.,GNU GPLv2
tcc,,1,bundled,Tiny C Compiler,dev,,,A lightweight C compiler (configured to use musl).,GNU LGPLv2.1
tee,,0,busybox,,gen,,,,GNU GPLv2
telnet,,1,busybox,,net,,,,GNU GPLv2
test,,0,busybox,,gen,,,,GNU GPLv2
tilde,,1,bundled,Tilde,dev,,,,GNU GPLv3
time,,1,busybox,,gen,,,,GNU GPLv2
timeout,,1,busybox,,pro,,,"Runs the given program until the given timeout, which will be terminated unless the program completes by itself. By default, it will try to gracefully terminate the program, but it can be told to immediately kill as well.",GNU GPLv2
tmux,,1,bundled,tmux,gen,,,"A terminal multiplexer that allows for multi-tasking and multi-viewing with just a single terminal. It allows you to create multiple ""windows"" to switch between without switching virtual terminals or opening a new window/tab in your terminal emulator, split said ""windows"" into multiple panes that can present terminal programs and output side-by-side, and quickly switch between them. Each tmux session can also be detached and reattached without losing what is open inside.",ISC
top,,1,busybox,,pro,,,"A process viewer that provides a real-time view of running processes and their CPU and memory usage. Besides comma-separated memory and CPU statistics and averages, it produces a table containing the process ID (PID), parent process ID (PPID), user, process state (STAT), virtual memory size in kilobytes (VSZ), VSZ as a percentage of total RAM (%VSZ), the last CPU core used, percentage of CPU time used (%CPU) and the executing command for each process that can fit into a single non-scrolling terminal.",GNU GPLv2
touch,,0,busybox,,gen,,,"Typically used to update the access and modification dates/times of one or more given files. It can also be used to create one or many empty files, as seen in some Linux books and tutorials, although this is often redundant.",GNU GPLv2
tr,,1,busybox,,txt,,,,GNU GPLv2
traceroute,,1,busybox,,net,,,,GNU GPLv2
tree,,1,busybox,,gen,,,,GNU GPLv2
true,,0,busybox,,gen,,,,GNU GPLv2
truncate,,1,busybox,,gen,,,,GNU GPLv2
tsort,,1,busybox,,txt,,,,GNU GPLv2
tty,,1,busybox,,sys,,,,GNU GPLv2
tune2fs,,1,bundled,e2fsprogs,dsk,tune2fs,,,GNU GPLv2 + LGPLv2
udhcpc,,1,busybox,,net,,,,GNU GPLv2
umount,,0,busybox,,dsk,,,,GNU GPLv2
uname,,0,busybox,,sys,,,,GNU GPLv2
uncompress,,1,busybox,,arc,,,"Decompresses given Z archives, or Z-compressed standard input to standard output.",GNU GPLv2
unexpand,,1,busybox,,txt,,,,GNU GPLv2
uniq,,1,busybox,,txt,,,,GNU GPLv2
unix2dos,,1,busybox,,txt,,,Converts a text file from using Unix-style line breaks (line feed) to using DOS-style line breaks (carriage return + line feed).,GNU GPLv2
unlink,,1,busybox,,dsk,,,,GNU GPLv2
unlzma,,1,busybox,,arc,,,"Decompresses given LZMA archives, or LZMA-compressed standard input to standard output. By default, it will replace the input files unless told otherwise.",GNU GPLv2
unlzop,,1,busybox,,arc,,,"Decompresses given LZO archives, or LZO-compressed standard input to standard output.",GNU GPLv2
unxz,,1,busybox,,arc,,,"Decompresses given XZ archives, or XZ-compressed standard input to standard output. By default, it will replace the input files unless told otherwise.",GNU GPLv2
unzip,,1,busybox,,arc,,,"Lists or extracts files from a given ZIP archive, with the option to specify a target directory or write to standard output.",GNU GPLv2
uptime,,1,busybox,,sys,,,,GNU GPLv2
users,,1,busybox,,usr,,,Prints the users currently logged on.,GNU GPLv2
usleep,,1,busybox,,gen,,,,GNU GPLv2
uuidgen,!/usr/sbin/e2image,1,busybox,,gen,,,"Generates and prints a universally unique identifier (UUID), a 128-bit value for identification that is practically guaranteed to be unique.",GNU GPLv2
uuidgen,/usr/sbin/e2image,1,bundled,e2fsprogs,gen,uuidgen,,,GNU GPLv2 + LGPLv2
vi,,0,busybox,,dev,,,,GNU GPLv2
view,,1,bundled,Vim,dev,view,,Opens the Vim editor in read-only mode. This disables its ability to write.,Vim
vim,,1,bundled,Vim,dev,Vi IMproved,,"An improved vi-style text editor that is highly extensible. Compared to regular vi, Vim supports syntax highlighting, folding, multiple buffers/windows/tabs, spell-checking, macros, undo trees and an scripting language called Vimscript. It also has a plugin system.",Vim
vimdiff,,1,bundled,Vim,dev,vimdiff,,Opens the Vim editor in a mode that allows comparing two or more files side-by-side with their differences highlighted.,Vim
vimtutor,,1,bundled,Vim,dev,vimtutor,,"An interactive, self-paced tutorial that teaches you the basis of Vim using a disposable practice copy of the lesson file.",Vim
vmstat,,1,busybox,,sys,,,"Reports system virtual memory, processes, CPU and I/O statistics. It displays columns for a runnable process count (r), I/O-bound blocked process count (b), swap memory used (swpd), idle memory (free), memory as buffers (buff), memory as cache (cache), memory swapped in from disk (si), memory swapped to disk (so), KiB received from a block device (bi), KiB sent to a block device (bo), interrupts per second (in), context switches per second (cs), user CPU time (us), system CPU time (sy), CPU idle time (id), time waiting for IO (wa), time stolen from a virtual machine (st), and time running KVM guest code (gu).",GNU GPLv2
volname,,1,busybox,,dsk,,,,GNU GPLv2
w,,1,busybox,,usr,,,"Shows which users are logged in, what ttyX they are logged into, how long they have been idling, and when they first logged in. Functions like who -H, always showing column headers.",GNU GPLv2
watch,,1,busybox,,pro,,,"Runs the given program periodically. By default, it will run every two seconds, unless a custom period is also given.",GNU GPLv2
wc,,1,busybox,,txt,,,,GNU GPLv2
wget,,1,busybox,,net,,,"A non-interactive internet file downloader. It is often used to simply download a file with a given URL, although it can also be used as a web spider.",GNU GPLv2
whereis,,1,bundled,util-linux,gen,whereis,,"Locates the binary, source and manual page files for a given command.",GNU GPLv2
which,,0,busybox,,gen,,,,GNU GPLv2
who,,1,busybox,,usr,,,"Shows which users are logged in, what ttyX they are logged into, how long they have been idling, and when they first logged in. By default, it does not show column headers.",GNU GPLv2
whoami,,1,busybox,,usr,,,Prints the current user's name. Functions similarly to logname but uses the current effective user ID as its source.,GNU GPLv2
whois,,1,busybox,,net,,,,GNU GPLv2
xargs,,1,busybox,,gen,,,,GNU GPLv2
xxd,/usr/bin/vim,1,bundled,Vim,dev,xxd,,,Vim
xxd,!/usr/bin/vim,1,busybox,,dev,,,,GNU GPLv2
xz,,1,busybox,,arc,,,"Decompresses given XZ archives, or XZ-compressed standard input to standard output. By default, it will replace the input files unless told otherwise. Note: unlike XZ Utils' implementation of xz, BusyBox's version cannot compress any input.",GNU GPLv2
xzcat,,1,busybox,,arc,,,Decompresses a given XZ archive to standard output. Functions like unxz -c.,GNU GPLv2
yes,,1,busybox,,gen,,,,GNU GPLv2
zcat,,1,busybox,,arc,,,Decompresses a given gzip archive to standard output. Functions like gunzip -c.,GNU GPLv2
